drug_row,drug_col,cell_line_name,drug_row_cid,drug_col_cid,synergy_zip,synergy_bliss,synergy_loewe,synergy_hsa,S,label
5-FLUORO-2'-DEOXYURIDINE,AMIFOSTINE,A549,3363,2141,7.913693117,7.220621512,-62.84657035,6.869781881000001,20.8,Additive
5-FU,AMIFOSTINE,A549,3385,2141,3.4215374830000003,1.380982165,-18.12970576,0.776227,-4.957,Additive
ALTRETAMINE,AMIFOSTINE,A549,2123,2141,2.600175176,-0.848624953,-5.925269828999999,-5.185887253,-1.0985,Additive
ANASTROZOLE,AMIFOSTINE,A549,2187,2141,-1.56706334,1.117058377,3.007960825,1.845883986,-2.8539999999999996,Additive
AXITINIB,AMIFOSTINE,A549,6450551,2141,-2.3708348669999997,-6.034486214,-16.46287348,-6.488973879,-0.9159999999999999,Antagonism
BUSULFAN,AMIFOSTINE,A549,2478,2141,-4.691916593999999,-0.08690242599999999,-19.45712204,1.504181178,8.3335,Additive
CELECOXIB,AMIFOSTINE,A549,2662,2141,-1.001756692,-2.004415612,-1.720356756,-1.5188710509999999,-1.9880000000000002,Antagonism
CHEMBL277800,AMIFOSTINE,A549,354624,2141,7.386187792,13.79647668,-14.39686271,13.32311521,30.866999999999997,Additive
CHLORAMBUCIL,AMIFOSTINE,A549,2708,2141,-1.9841033559999999,-4.231801064,-24.31462856,-5.300016884,-3.9095,Antagonism
CRIZOTINIB,AMIFOSTINE,A549,11626560,2141,-2.507511277,-1.022817787,-24.43664964,-2.439584857,9.5605,Antagonism
DASATINIB,AMIFOSTINE,A549,3062316,2141,-0.81740522,-2.589049212,-15.09389627,-0.826884785,1.8645,Antagonism
DEXRAZOXANE,AMIFOSTINE,A549,71384,2141,0.8243902809999999,-0.045976847,-13.79809483,-0.8637716670000001,0.0305,Additive
EXEMESTANE,AMIFOSTINE,A549,60198,2141,-11.96560066,-21.36263893,-40.77614875,-22.29121911,-21.004,Antagonism
GEFITINIB,AMIFOSTINE,A549,123631,2141,-4.372921477,-2.230681188,-19.62441183,-3.212884785,1.81,Antagonism
IMIQUIMOD,AMIFOSTINE,A549,57469,2141,-0.253166799,-0.515134824,0.527842761,-1.192464153,0.6875,Additive
LAPATINIB,AMIFOSTINE,A549,208908,2141,-4.796907901,-2.431677398,-9.990677231,-0.8848441109999999,2.31,Antagonism
LENALIDOMIDE,AMIFOSTINE,A549,216326,2141,-1.004038508,2.681182795,-1.1101442209999999,1.489226326,3.4075,Additive
LETROZOLE,AMIFOSTINE,A549,3902,2141,-2.151089086,-0.950711066,4.370228191,0.12028258900000001,-1.8855,Additive
MEGESTROL ACETATE,AMIFOSTINE,A549,11683,2141,-3.07522944,-4.189529373,-8.205503316,-5.383550044,-5.8875,Antagonism
METHOXSALEN,AMIFOSTINE,A549,4114,2141,0.380252451,0.885854258,0.567380811,0.556638644,0.5945,Synergy
MITOTANE,AMIFOSTINE,A549,4211,2141,6.139671407000001,1.501886082,4.188755583,1.0253374370000001,-1.3869999999999998,Synergy
NILOTINIB,AMIFOSTINE,A549,644241,2141,-0.640163448,-1.273327102,-1.295318184,-1.2378493720000001,-1.922,Antagonism
PAZOPANIB HYDROCHLORIDE,AMIFOSTINE,A549,11525740,2141,-0.243655557,-0.998861523,-2.921153649,-2.232861568,-0.2355,Antagonism
PROCARBAZINE HYDROCHLORIDE,AMIFOSTINE,A549,9703,2141,-0.045420734000000004,4.391607158999999,2.6318753,3.2862975569999997,4.6705,Additive
RUXOLITINIB,AMIFOSTINE,A549,25126798,2141,-3.3599322110000003,-3.535605767,-14.68641531,-4.669084546000001,7.6765,Antagonism
TEMOZOLOMIDE,AMIFOSTINE,A549,5394,2141,-1.153201586,1.05215049,3.26967621,0.574226326,0.904,Additive
THALIDOMIDE,AMIFOSTINE,A549,5426,2141,0.287104982,2.135566241,1.984963799,2.0305828669999997,1.248,Synergy
THIOTEPA,AMIFOSTINE,A549,5453,2141,5.993436677999999,7.149128736000001,-23.02613127,6.776448547999999,12.085999999999999,Additive
TRETINOIN,AMIFOSTINE,A549,444795,2141,-0.17625669600000002,2.7027100330000002,-18.95632054,2.282004104,7.4165,Additive
VEMURAFENIB,AMIFOSTINE,A549,42611257,2141,-0.021169419,-5.110975900000001,-20.23584104,-7.599343224,-6.079,Antagonism
ZOLINZA,AMIFOSTINE,A549,5311,2141,-1.164251549,-0.097612862,-0.916651621,0.8972066890000001,2.6235,Additive
5-FLUORO-2'-DEOXYURIDINE,ANASTROZOLE,A549,3363,2187,0.15389159300000002,-0.456550315,-16.01802148,-0.732484567,14.4405,Additive
5-FU,ANASTROZOLE,A549,3385,2187,2.7320250510000004,-3.8724371910000004,-3.7440617589999996,-3.2410500439999996,-17.026,Additive
ALTRETAMINE,ANASTROZOLE,A549,2123,2187,1.1138416340000001,-6.534643318,-9.234225711,-10.56047253,-3.7915,Additive
AXITINIB,ANASTROZOLE,A549,6450551,2187,-2.7963733580000003,-3.6539106930000003,-2.64275174,-3.595437863,3.0595,Antagonism
BUSULFAN,ANASTROZOLE,A549,2478,2187,-3.0840052960000004,-0.116920516,-1.9990611169999999,-2.002440341,9.0255,Antagonism
CELECOXIB,ANASTROZOLE,A549,2662,2187,2.26602636,0.139964292,-5.0637716610000005,-4.285554076,-0.7465,Additive
CHLORAMBUCIL,ANASTROZOLE,A549,2708,2187,-11.51135926,-6.961923876,-5.945029296,-6.340026377999999,0.9565,Antagonism
CRIZOTINIB,ANASTROZOLE,A549,11626560,2187,0.278280548,-0.5244322029999999,-0.712560505,-1.4466939619999999,14.689,Additive
DASATINIB,ANASTROZOLE,A549,3062316,2187,-2.265653469,-0.166930918,-2.90901435,-0.9315098740000001,5.3265,Antagonism
DEXRAZOXANE,ANASTROZOLE,A549,71384,2187,-0.972342962,-2.6539307659999998,-2.105448853,-1.785337444,-3.3775,Antagonism
EXEMESTANE,ANASTROZOLE,A549,60198,2187,-0.276659261,-1.696941449,-0.03414363,-0.787839011,-3.6055,Antagonism
GEFITINIB,ANASTROZOLE,A549,123631,2187,2.327316321,1.950073481,1.609264878,2.982059659,3.6010000000000004,Synergy
LAPATINIB,ANASTROZOLE,A549,208908,2187,-3.473004085,1.337894456,-0.326529228,-0.26057261800000003,3.3075,Additive
LENALIDOMIDE,ANASTROZOLE,A549,216326,2187,-3.48652253,-3.263597392,-2.073121256,-2.012773674,-1.8685,Antagonism
LETROZOLE,ANASTROZOLE,A549,3902,2187,1.5525384359999999,-0.039153543,-3.6553954180000003,-3.637805969,1.4255,Additive
MEGESTROL ACETATE,ANASTROZOLE,A549,11683,2187,-3.766985028,-3.241837317,-2.821459439,-2.2418353890000002,-4.763,Antagonism
MITOTANE,ANASTROZOLE,A549,4211,2187,0.465175267,1.762141336,-0.026341907999999997,-0.257995896,1.1265,Additive
PAZOPANIB HYDROCHLORIDE,ANASTROZOLE,A549,11525740,2187,-0.707401959,-5.07813445,-4.224502711,-5.672878086,-2.3535,Antagonism
RUXOLITINIB,ANASTROZOLE,A549,25126798,2187,-2.701654822,-1.7237552809999999,-1.603511502,-2.415215641,2.9555,Antagonism
TEMOZOLOMIDE,ANASTROZOLE,A549,5394,2187,1.818724592,2.25462888,-3.420438295,-2.642220709,2.8289999999999997,Additive
THIOTEPA,ANASTROZOLE,A549,5453,2187,-7.702311981,-3.991503288,-4.644506645,-4.423506229,0.843,Antagonism
TRETINOIN,ANASTROZOLE,A549,444795,2187,-6.078899549,-1.630292185,-2.343819964,-1.879107008,4.2905,Antagonism
VEMURAFENIB,ANASTROZOLE,A549,42611257,2187,0.633497832,1.413137189,-0.012057954,-0.624215641,4.713,Additive
5-FLUORO-2'-DEOXYURIDINE,BUSULFAN,A549,3363,2478,-4.180772335,-2.128788765,-3.4163927710000004,-0.16130719,-14.9135,Antagonism
5-FU,BUSULFAN,A549,3385,2478,1.773315045,-0.5331748789999999,-7.032490749,2.561371313,3.2415,Additive
ALTRETAMINE,BUSULFAN,A549,2123,2478,-3.6503720310000003,3.48154705,-4.389742844,-0.300141178,12.6585,Additive
AXITINIB,BUSULFAN,A549,6450551,2478,-6.30303334,-6.016316535,-13.11621518,-6.214795117,10.613,Antagonism
CELECOXIB,BUSULFAN,A549,2662,2478,0.979439165,-0.602469448,-3.1885501069999997,-0.728882233,-6.5395,Additive
CHEMBL277800,BUSULFAN,A549,354624,2478,-3.715949109,-1.557945669,-2.326762385,-2.418871556,9.3195,Antagonism
CHLORAMBUCIL,BUSULFAN,A549,2708,2478,-4.8863267310000005,-0.07945712,-3.3643783789999997,0.84712527,12.7405,Additive
CRIZOTINIB,BUSULFAN,A549,11626560,2478,-9.088498357999999,-4.670150533,-19.56377659,-4.2447165689999995,23.6405,Antagonism
DASATINIB,BUSULFAN,A549,3062316,2478,-5.3366595939999995,0.35178376,0.18244307899999998,3.445343278,-1.247,Additive
DEXRAZOXANE,BUSULFAN,A549,71384,2478,-2.418797467,-0.36982589899999996,-0.884258188,2.9364212480000003,1.9805,Additive
EXEMESTANE,BUSULFAN,A549,60198,2478,-3.344666577,2.5492848869999998,-10.73509451,2.929958603,16.2445,Additive
GEFITINIB,BUSULFAN,A549,123631,2478,-0.427750646,3.21314335,3.356189299,6.415791936000001,16.340999999999998,Additive
LAPATINIB,BUSULFAN,A549,208908,2478,-5.8891438460000005,2.707048098,-21.21296227,5.025448222,9.9255,Additive
LENALIDOMIDE,BUSULFAN,A549,216326,2478,0.15265058,5.117069122,5.198924429,5.269538217,18.1185,Synergy
LETROZOLE,BUSULFAN,A549,3902,2478,-2.368762573,2.7967899210000002,-1.270546199,0.9319700670000001,0.9925,Additive
MEGESTROL ACETATE,BUSULFAN,A549,11683,2478,-5.150818782,3.79424023,3.738769467,4.08287155,12.495,Additive
MITOTANE,BUSULFAN,A549,4211,2478,-5.421782063999999,-2.215488666,-1.4215878709999998,-0.5521717970000001,6.771,Antagonism
NILOTINIB,BUSULFAN,A549,644241,2478,-3.462504632,2.076951432,0.446306793,0.6555733779999999,0.0815,Additive
PAZOPANIB HYDROCHLORIDE,BUSULFAN,A549,11525740,2478,-3.383220245,-5.586826874,-7.758105773,-7.1600814,6.971,Antagonism
RUXOLITINIB,BUSULFAN,A549,25126798,2478,-4.25943188,-0.7466521840000001,-3.36322668,-0.765525844,15.5865,Antagonism
TEMOZOLOMIDE,BUSULFAN,A549,5394,2478,-2.495073986,-0.826427837,-7.868452645,-4.465537067,2.9825,Antagonism
THIOTEPA,BUSULFAN,A549,5453,2478,-9.355052546,-1.6156474680000001,1.078240611,1.7142908890000002,13.18,Additive
TRETINOIN,BUSULFAN,A549,444795,2478,-5.873572291,0.175070057,2.462948849,3.565358489,7.7155,Additive
VEMURAFENIB,BUSULFAN,A549,42611257,2478,-4.848438135,-0.43293687299999994,-6.539890128,-3.102303622,15.6655,Antagonism
ZOLINZA,BUSULFAN,A549,5311,2478,-10.10346476,-6.175282021,-3.8909577289999997,-3.2682613330000003,3.1010000000000004,Antagonism
5-FLUORO-2'-DEOXYURIDINE,CHEMBL277800,A549,3363,354624,0.892162751,1.784165803,-13.63398345,1.572990111,14.6835,Additive
5-FU,CHEMBL277800,A549,3385,354624,1.312258442,-1.789946545,-1.7231646390000002,1.549649328,-23.905,Additive
ALTRETAMINE,CHEMBL277800,A549,2123,354624,1.927146565,-2.323940019,-60.55179283,-5.167887259,-19.7035,Additive
ANASTROZOLE,CHEMBL277800,A549,2187,354624,1.425903214,1.3859480130000001,-5.026141503,-4.199442763,2.47925,Additive
AXITINIB,CHEMBL277800,A549,6450551,354624,-2.060833019,-3.2717107860000003,-12.85376014,-2.903217733,4.9925,Antagonism
CELECOXIB,CHEMBL277800,A549,2662,354624,0.80003104,2.393982875,-6.689400005,-3.174442814,1.2805,Additive
CHLORAMBUCIL,CHEMBL277800,A549,2708,354624,-1.787251365,-3.5595769,-13.09851734,-1.8058386880000001,-10.327,Antagonism
CRIZOTINIB,CHEMBL277800,A549,11626560,354624,-0.864974908,-2.03518977,-14.912588099999999,-2.074458304,-2.1505,Antagonism
DEXRAZOXANE,CHEMBL277800,A549,71384,354624,-2.79413551,-3.283066975,-3.928997587,-0.48168962600000004,-22.131,Antagonism
EXEMESTANE,CHEMBL277800,A549,60198,354624,-0.102382469,-0.9735788870000001,-16.6867118,1.039226711,-16.6375,Additive
GEFITINIB,CHEMBL277800,A549,123631,354624,3.774277829,4.0974530069999995,3.6014918010000003,6.48093909,-11.325,Synergy
LENALIDOMIDE,CHEMBL277800,A549,216326,354624,-1.8055088590000001,-2.053340139,-0.888195748,-0.382551066,-12.372,Antagonism
LETROZOLE,CHEMBL277800,A549,3902,354624,2.782855979,1.82145907,-8.598039771,-6.733331702999999,4.8445,Additive
MEGESTROL ACETATE,CHEMBL277800,A549,11683,354624,-3.9656923760000002,-6.131106752000001,-39.00475215,-4.715616465,-32.4955,Antagonism
NILOTINIB,CHEMBL277800,A549,644241,354624,2.082457735,-2.9634029280000003,-11.98932008,-9.6533316,1.0959999999999999,Additive
PAZOPANIB HYDROCHLORIDE,CHEMBL277800,A549,11525740,354624,0.49851162600000004,0.029005227999999997,-44.32873979,-0.459900582,-7.8629999999999995,Additive
RUXOLITINIB,CHEMBL277800,A549,25126798,354624,-2.72536482,-1.553164393,-18.52571365,-1.586124971,-19.2305,Antagonism
TEMOZOLOMIDE,CHEMBL277800,A549,5394,354624,0.7433962559999999,0.297690051,-9.170439059,-6.733444981,5.165,Additive
THIOTEPA,CHEMBL277800,A549,5453,354624,-9.443005501,-3.451402972,-1.47624541,-1.744596952,18.4065,Antagonism
TRETINOIN,CHEMBL277800,A549,444795,354624,-4.198974089,1.6255662990000002,-1.055136976,0.549786359,0.4915,Additive
VEMURAFENIB,CHEMBL277800,A549,42611257,354624,-0.469785144,-0.9112053040000001,-21.63752803,-2.2785672480000003,-5.4255,Antagonism
5-FLUORO-2'-DEOXYURIDINE,DASATINIB,A549,3363,3062316,-0.207238315,1.295153168,-0.36920560399999997,1.528389067,8.6335,Additive
5-FU,DASATINIB,A549,3385,3062316,1.4202324730000002,0.263513523,2.64205719,5.157827742,-13.977,Synergy
ALTRETAMINE,DASATINIB,A549,2123,3062316,-8.830034517,0.37514245799999996,-83.25875611,-2.602666922,14.777999999999999,Additive
AXITINIB,DASATINIB,A549,6450551,3062316,7.70739479,9.354889202999999,1.278579582,11.07596993,28.1595,Synergy
CELECOXIB,DASATINIB,A549,2662,3062316,4.143182699,7.1490797210000006,-34.35056616,3.1388904889999996,18.7385,Additive
CHEMBL277800,DASATINIB,A549,354624,3062316,-2.804187725,1.013483513,-3.813841004,-0.090252256,6.369,Additive
CHLORAMBUCIL,DASATINIB,A549,2708,3062316,-5.256270313,0.165506958,-20.075156699999997,3.193742002,-1.3465,Additive
CRIZOTINIB,DASATINIB,A549,11626560,3062316,4.5291450069999994,13.23861582,-5.2716837839999995,14.40000143,35.9815,Additive
DEXRAZOXANE,DASATINIB,A549,71384,3062316,1.996325249,1.64165104,6.958051762999999,9.277469556,-0.043,Synergy
EXEMESTANE,DASATINIB,A549,60198,3062316,-6.104346887999999,1.7665916819999998,-3.564037995,4.313625889,15.732999999999999,Additive
GEFITINIB,DASATINIB,A549,123631,3062316,1.534817594,3.6078257910000002,9.736442507000001,11.43327242,16.756,Synergy
LENALIDOMIDE,DASATINIB,A549,216326,3062316,-10.95009233,0.25045186199999997,-12.09950662,4.839893556,10.834000000000001,Additive
LETROZOLE,DASATINIB,A549,3902,3062316,-0.040116217,3.277158273,-14.53926124,-2.13999837,7.457999999999999,Additive
MEGESTROL ACETATE,DASATINIB,A549,11683,3062316,-1.3932990319999998,2.4447195919999998,-47.65331569,5.825545111,13.205,Additive
NILOTINIB,DASATINIB,A549,644241,3062316,-0.065223756,3.1325833239999996,-23.3086289,-2.721110154,8.956,Additive
PAZOPANIB HYDROCHLORIDE,DASATINIB,A549,11525740,3062316,11.58420859,13.40218174,-50.09776375,13.8616366,26.896,Additive
RUXOLITINIB,DASATINIB,A549,25126798,3062316,6.194026727000001,13.93189114,-9.551226858,15.45994588,31.0835,Additive
TEMOZOLOMIDE,DASATINIB,A549,5394,3062316,-0.533732436,4.020130208,-54.84651878,-2.235553925,11.729000000000001,Additive
THIOTEPA,DASATINIB,A549,5453,3062316,-4.727120734,4.497089258,-9.527576793,4.05839032,8.205,Additive
TRETINOIN,DASATINIB,A549,444795,3062316,-3.8476150939999996,5.204861168,-12.35095116,6.176454381,12.163,Additive
VEMURAFENIB,DASATINIB,A549,42611257,3062316,8.835189462,11.93169956,-5.645209358,10.74408104,29.822,Additive
ZOLINZA,DASATINIB,A549,5311,3062316,-3.87487025,-0.152137534,-4.529438767,1.131985889,8.9955,Additive
5-FLUORO-2'-DEOXYURIDINE,ERLOTINIB HYDROCHLORIDE,A549,3363,176871,-2.667139706,-0.898447694,-36.896094899999994,2.708716631,13.8375,Additive
5-FU,ERLOTINIB HYDROCHLORIDE,A549,3385,176871,3.632513032,0.33905541200000006,1.378206621,3.928615215,-5.6405,Synergy
ALTRETAMINE,ERLOTINIB HYDROCHLORIDE,A549,2123,176871,-0.52035476,4.499490355,-5.5761816589999995,0.7291127409999999,2.9455,Additive
AMIFOSTINE,ERLOTINIB HYDROCHLORIDE,A549,2141,176871,-2.390931561,0.34705187600000004,-13.9076559,-0.048871051,3.222,Additive
ANASTROZOLE,ERLOTINIB HYDROCHLORIDE,A549,2187,176871,-4.234769528,-2.157196329,-1.5196715159999998,0.163323782,-7.502999999999999,Additive
AXITINIB,ERLOTINIB HYDROCHLORIDE,A549,6450551,176871,5.208032037,9.290950272,11.12272872,11.25996208,12.6965,Synergy
BUSULFAN,ERLOTINIB HYDROCHLORIDE,A549,2478,176871,2.852189109,5.201236941,8.681687345,9.296408111,-3.19,Synergy
CELECOXIB,ERLOTINIB HYDROCHLORIDE,A549,2662,176871,-0.7282182979999999,3.477955244,-0.732642731,2.984462282,-1.561,Additive
CHEMBL277800,ERLOTINIB HYDROCHLORIDE,A549,354624,176871,-3.817565531,1.036473763,-1.427107551,0.810612542,-1.095,Additive
CHLORAMBUCIL,ERLOTINIB HYDROCHLORIDE,A549,2708,176871,1.3225928279999999,2.7816978139999997,4.493000555,5.444924876,4.942,Synergy
CRIZOTINIB,ERLOTINIB HYDROCHLORIDE,A549,11626560,176871,2.551740732,7.739827707999999,8.343348486,8.452128749,14.892999999999999,Synergy
DASATINIB,ERLOTINIB HYDROCHLORIDE,A549,3062316,176871,3.7922018310000003,4.34060982,-15.01641806,10.32297844,2.78,Additive
DEXRAZOXANE,ERLOTINIB HYDROCHLORIDE,A549,71384,176871,1.996160959,1.6467609859999999,4.942815645,5.81960271,-4.6935,Synergy
EXEMESTANE,ERLOTINIB HYDROCHLORIDE,A549,60198,176871,2.435235463,5.217245811000001,5.574442467999999,7.47886932,10.9155,Synergy
GEFITINIB,ERLOTINIB HYDROCHLORIDE,A549,123631,176871,2.618492715,2.5780161269999997,5.58702103,7.338661075,1.475,Synergy
IMIQUIMOD,ERLOTINIB HYDROCHLORIDE,A549,57469,176871,-3.677234825,0.027907948,-1.020567234,-0.602361256,4.034,Additive
LAPATINIB,ERLOTINIB HYDROCHLORIDE,A549,208908,176871,-0.752010385,0.479443336,2.7764355160000003,3.322096778,-3.002,Additive
LENALIDOMIDE,ERLOTINIB HYDROCHLORIDE,A549,216326,176871,-1.4923932919999998,5.48149297,9.237118045,9.404006656,2.273,Additive
LETROZOLE,ERLOTINIB HYDROCHLORIDE,A549,3902,176871,2.192319061,3.145148817,3.359897694,4.625546003999999,0.5535,Synergy
MEGESTROL ACETATE,ERLOTINIB HYDROCHLORIDE,A549,11683,176871,0.491162143,3.417560927,5.002373785,7.432383535,-2.2035,Synergy
METHOXSALEN,ERLOTINIB HYDROCHLORIDE,A549,4114,176871,-5.009088291,-1.8630289569999998,-3.627288319,-0.45554890000000003,1.4380000000000002,Antagonism
MITOTANE,ERLOTINIB HYDROCHLORIDE,A549,4211,176871,-0.81160407,0.9572011770000001,-6.637811296000001,-1.088887259,-3.03,Additive
NILOTINIB,ERLOTINIB HYDROCHLORIDE,A549,644241,176871,0.231572422,1.348605074,-1.032003081,1.955702853,-7.6,Additive
PAZOPANIB HYDROCHLORIDE,ERLOTINIB HYDROCHLORIDE,A549,11525740,176871,-1.481011082,4.588200184,0.144866334,4.643877196,2.6319999999999997,Additive
PROCARBAZINE HYDROCHLORIDE,ERLOTINIB HYDROCHLORIDE,A549,9703,176871,-1.201475552,0.21816556899999998,-1.699861183,3.57338356,2.6565,Additive
RUXOLITINIB,ERLOTINIB HYDROCHLORIDE,A549,25126798,176871,1.36057669,5.108506918,5.915127585,6.212850972000001,8.7815,Synergy
TEMOZOLOMIDE,ERLOTINIB HYDROCHLORIDE,A549,5394,176871,-0.831667174,-0.244999496,-4.262711775,-0.344583456,1.1575,Antagonism
THALIDOMIDE,ERLOTINIB HYDROCHLORIDE,A549,5426,176871,-2.7997907769999997,-0.78401153,-5.530293035,0.8088951440000001,0.4265,Additive
THIOTEPA,ERLOTINIB HYDROCHLORIDE,A549,5453,176871,1.923726031,0.698659661,-0.129294711,4.665383298,-0.3095,Additive
TOPOTECAN HYDROCHLORIDE,ERLOTINIB HYDROCHLORIDE,A549,60699,176871,-1.757847069,-0.375408288,-0.567906233,0.940740667,10.6215,Additive
TRETINOIN,ERLOTINIB HYDROCHLORIDE,A549,444795,176871,6.4515597289999995,8.952928283,6.530910696,10.5007405,10.892999999999999,Synergy
VEMURAFENIB,ERLOTINIB HYDROCHLORIDE,A549,42611257,176871,0.938463389,2.924217563,0.575496981,1.707860989,0.22699999999999998,Synergy
ZOLINZA,ERLOTINIB HYDROCHLORIDE,A549,5311,176871,2.7354433589999996,10.21222301,7.933954732999999,9.028748556,13.6165,Synergy
5-FLUORO-2'-DEOXYURIDINE,IMIQUIMOD,A549,3363,57469,4.064541612,4.654377236,-13.96769302,4.024226326,19.2875,Additive
5-FU,IMIQUIMOD,A549,3385,57469,4.782252206,-1.0340261720000001,-2.680254433,-1.59382923,-4.8695,Additive
ALTRETAMINE,IMIQUIMOD,A549,2123,57469,2.03827919,-1.416804625,-4.377520429,-5.657689094,-2.497,Additive
ANASTROZOLE,IMIQUIMOD,A549,2187,57469,-2.64591568,-4.596766992,-4.659106459,-4.659107008,-3.122,Antagonism
AXITINIB,IMIQUIMOD,A549,6450551,57469,-2.000990438,-6.211098164,-10.696022099999999,-7.521061409,0.731,Antagonism
BUSULFAN,IMIQUIMOD,A549,2478,57469,-10.39729508,-5.336837114,-4.873261836,-5.389107008,8.743,Antagonism
CELECOXIB,IMIQUIMOD,A549,2662,57469,-0.33783926200000003,-1.39517987,-0.8841429540000001,-1.460218026,-1.5330000000000001,Antagonism
CHEMBL277800,IMIQUIMOD,A549,354624,57469,8.741545351000001,11.48427138,6.836629095,10.62740284,32.1905,Synergy
CHLORAMBUCIL,IMIQUIMOD,A549,2708,57469,0.845289753,-0.830219904,-1.909953047,-1.745495896,15.504000000000001,Additive
CRIZOTINIB,IMIQUIMOD,A549,11626560,57469,-2.960922666,-2.564979253,-11.83335195,-4.608862189,5.9285,Antagonism
DASATINIB,IMIQUIMOD,A549,3062316,57469,2.541336924,2.780322205,0.968311684,2.718670333,6.4285,Synergy
DEXRAZOXANE,IMIQUIMOD,A549,71384,57469,0.769215394,-0.032777427000000005,-1.524839667,-0.802893216,-0.7035,Additive
EXEMESTANE,IMIQUIMOD,A549,60198,57469,1.633044147,2.886548172,2.678007203,2.0362255559999998,12.1065,Synergy
GEFITINIB,IMIQUIMOD,A549,123631,57469,2.618211636,3.6733773000000003,0.232202422,2.7583936110000002,5.9795,Synergy
LAPATINIB,IMIQUIMOD,A549,208908,57469,-2.573547316,0.814756865,0.661410132,-0.276083778,6.0089999999999995,Additive
LENALIDOMIDE,IMIQUIMOD,A549,216326,57469,-0.20727321399999998,2.24034808,1.01365673,1.131337778,2.0335,Additive
LETROZOLE,IMIQUIMOD,A549,3902,57469,-5.218043405,-7.6299003139999995,-8.305400897,-7.689107008,-6.237,Antagonism
MEGESTROL ACETATE,IMIQUIMOD,A549,11683,57469,-2.853929232,-0.192778554,-2.378709284,-1.295107008,-0.6925,Antagonism
METHOXSALEN,IMIQUIMOD,A549,4114,57469,-2.053848009,-2.573921222,-1.506919025,-1.4879226719999998,-2.7185,Antagonism
MITOTANE,IMIQUIMOD,A549,4211,57469,-0.151595601,0.9326561109999999,0.843374745,0.029782,-1.1320000000000001,Additive
NILOTINIB,IMIQUIMOD,A549,644241,57469,0.866983773,0.018347898,-1.000887753,-1.6267111440000002,0.621,Additive
PAZOPANIB HYDROCHLORIDE,IMIQUIMOD,A549,11525740,57469,0.782341572,1.316218115,-0.059603076,-0.652139033,2.6525,Additive
PROCARBAZINE HYDROCHLORIDE,IMIQUIMOD,A549,9703,57469,-2.4229942,-1.865603246,-0.629950397,-0.581353022,-0.1185,Antagonism
RUXOLITINIB,IMIQUIMOD,A549,25126798,57469,-2.239539265,-5.8475869639999996,-7.394558994,-7.6468062329999995,4.266,Antagonism
TEMOZOLOMIDE,IMIQUIMOD,A549,5394,57469,-0.486653479,-0.7619701990000001,-0.69947019,-1.661329111,-1.479,Antagonism
THALIDOMIDE,IMIQUIMOD,A549,5426,57469,-1.569813654,-0.732499812,0.275249972,0.189717933,2.2475,Additive
THIOTEPA,IMIQUIMOD,A549,5453,57469,7.490545224,2.43434904,1.99946568,1.77645,13.870999999999999,Synergy
TRETINOIN,IMIQUIMOD,A549,444795,57469,3.8765913530000002,3.815537987,3.087442235,3.017559659,9.815,Synergy
VEMURAFENIB,IMIQUIMOD,A549,42611257,57469,0.521040897,-4.412115013999999,-7.879643742000001,-7.60196152,1.722,Additive
ZOLINZA,IMIQUIMOD,A549,5311,57469,-0.808305147,3.2915424239999997,3.227068617,2.231694,0.5575,Additive
5-FLUORO-2'-DEOXYURIDINE,LAPATINIB,A549,3363,208908,-1.996240777,0.723848727,-28.90565629,-1.489102144,-14.3635,Additive
5-FU,LAPATINIB,A549,3385,208908,3.790563616,1.987262991,3.288603301,5.567315757,-2.572,Synergy
ALTRETAMINE,LAPATINIB,A549,2123,208908,-2.65618909,2.384725128,-16.26597784,-1.3601094809999998,2.426,Additive
AXITINIB,LAPATINIB,A549,6450551,208908,-5.092008166,-3.1352469910000003,-3.17622137,-1.998958304,8.1605,Antagonism
CELECOXIB,LAPATINIB,A549,2662,208908,-2.036703974,-0.639152829,-10.82082584,-3.799868752,1.2095,Antagonism
CHEMBL277800,LAPATINIB,A549,354624,208908,-2.11905846,2.952838515,-0.460270578,0.699748156,0.898,Additive
CHLORAMBUCIL,LAPATINIB,A549,2708,208908,-0.85531318,0.47441159899999996,0.396516099,2.3680261430000002,4.437,Additive
CRIZOTINIB,LAPATINIB,A549,11626560,208908,-6.55489808,2.297078661,2.7750479589999997,3.03123986,14.065,Additive
DASATINIB,LAPATINIB,A549,3062316,208908,0.871194274,3.7977689239999997,-0.000353255,2.796414378,-0.9355,Additive
DEXRAZOXANE,LAPATINIB,A549,71384,208908,2.673887573,2.459619919,4.922031089,6.079476804,1.0885,Synergy
EXEMESTANE,LAPATINIB,A549,60198,208908,1.619142184,2.268391157,-0.098696954,3.88962527,10.844000000000001,Additive
GEFITINIB,LAPATINIB,A549,123631,208908,-5.002255255,-1.741115675,0.825776202,2.599791936,-5.0175,Additive
LENALIDOMIDE,LAPATINIB,A549,216326,208908,0.026711372999999997,2.1136178830000003,3.884515895,4.188815994,5.557,Synergy
LETROZOLE,LAPATINIB,A549,3902,208908,-0.597638277,1.0493004559999999,-8.380390569,-5.817776147000001,-3.7955,Additive
MEGESTROL ACETATE,LAPATINIB,A549,11683,208908,-3.578952777,2.2578831459999997,-2.559111281,4.444161312,0.192,Additive
NILOTINIB,LAPATINIB,A549,644241,208908,-0.343620019,-0.952843173,-11.02787902,-6.681109322,-6.667000000000001,Antagonism
PAZOPANIB HYDROCHLORIDE,LAPATINIB,A549,11525740,208908,-4.480727208,0.8809414590000001,-9.314625131,0.554029711,5.472,Additive
RUXOLITINIB,LAPATINIB,A549,25126798,208908,-6.3870135,-3.9928845180000003,-3.6163642439999997,-2.8725138589999997,0.991,Antagonism
TEMOZOLOMIDE,LAPATINIB,A549,5394,208908,-0.657944958,1.352309218,-14.15120419,-5.3422204,-1.3075,Additive
THIOTEPA,LAPATINIB,A549,5453,208908,-9.986628771,0.047524733,-8.039067962999999,-0.297990064,-2.9330000000000003,Additive
TRETINOIN,LAPATINIB,A549,444795,208908,-4.50518434,3.290294261,0.699009588,3.448676603,3.8595,Additive
VEMURAFENIB,LAPATINIB,A549,42611257,208908,-3.9334671219999997,-0.465999206,-4.222509789,-2.168513859,4.421,Antagonism
ZOLINZA,LAPATINIB,A549,5311,208908,-3.833448534,0.275404587,-2.099344392,-0.8124745109999999,-0.795,Additive
5-FLUORO-2'-DEOXYURIDINE,METHOXSALEN,A549,3363,4114,-0.65247181,3.173962888,-31.29296702,2.898700424,9.493,Additive
5-FU,METHOXSALEN,A549,3385,4114,8.048849725,-1.041581725,-5.314353546,-0.068162563,-13.106,Additive
ALTRETAMINE,METHOXSALEN,A549,2123,4114,0.37198458700000003,-3.38526081,-9.123992927,-7.381553925,-1.0295,Additive
ANASTROZOLE,METHOXSALEN,A549,2187,4114,2.374521195,2.56564804,-2.9493051539999997,-1.707776444,2.8965,Additive
AXITINIB,METHOXSALEN,A549,6450551,4114,-2.249781135,-3.279801071,-2.898227808,-2.845720791,0.5385,Antagonism
BUSULFAN,METHOXSALEN,A549,2478,4114,-0.626542685,2.172203128,0.443051431,-0.369418135,12.472000000000001,Additive
CELECOXIB,METHOXSALEN,A549,2662,4114,0.6157697289999999,2.892942834,0.148043136,0.495056987,6.2805,Synergy
CHEMBL277800,METHOXSALEN,A549,354624,4114,1.648005565,6.646897227999999,1.475137572,5.406168097999999,9.2135,Synergy
CHLORAMBUCIL,METHOXSALEN,A549,2708,4114,-1.825220499,-2.8096994,-1.752244589,-1.7264662430000002,7.8215,Antagonism
CRIZOTINIB,METHOXSALEN,A549,11626560,4114,-6.0906646360000005,-0.730902556,-1.25578297,-1.23076014,13.319,Antagonism
DASATINIB,METHOXSALEN,A549,3062316,4114,-1.694190176,0.31187406100000004,-8.14769572,-1.659107008,6.1405,Additive
DEXRAZOXANE,METHOXSALEN,A549,71384,4114,-0.7807421459999999,-1.486127889,-1.007885434,-0.147004327,-2.9415,Antagonism
EXEMESTANE,METHOXSALEN,A549,60198,4114,3.58263923,-2.492143598,-0.646321267,-1.013551452,-0.3615,Additive
GEFITINIB,METHOXSALEN,A549,123631,4114,2.105013249,-1.351746799,-2.311495966,0.239281881,-2.396,Additive
LAPATINIB,METHOXSALEN,A549,208908,4114,-0.7672824009999999,2.4063040890000003,-2.124143555,0.38533629999999996,5.9805,Additive
LENALIDOMIDE,METHOXSALEN,A549,216326,4114,-3.937321686,-3.872409717,-1.9496985269999998,-1.943995896,-3.2015,Antagonism
LETROZOLE,METHOXSALEN,A549,3902,4114,0.634855208,-1.756865486,-0.9255501490000001,-3.812464162,0.62,Additive
MEGESTROL ACETATE,METHOXSALEN,A549,11683,4114,-4.1533414760000005,-1.646346338,-0.209063267,0.097093535,-6.267,Additive
MITOTANE,METHOXSALEN,A549,4211,4114,-0.636377242,-0.149585559,-0.782367695,-0.762414788,1.167,Antagonism
NILOTINIB,METHOXSALEN,A549,644241,4114,1.2897333690000001,2.4144097369999997,2.099167006,-1.218306,4.3135,Additive
PAZOPANIB HYDROCHLORIDE,METHOXSALEN,A549,11525740,4114,-0.616969033,-1.625000692,-1.884858502,-1.601636955,-0.8485,Antagonism
PROCARBAZINE HYDROCHLORIDE,METHOXSALEN,A549,9703,4114,1.141334428,2.166103997,-0.265839535,0.049059911,0.5215,Additive
RUXOLITINIB,METHOXSALEN,A549,25126798,4114,-2.672941894,-1.857601958,-2.294302182,-2.209276347,7.476,Antagonism
TEMOZOLOMIDE,METHOXSALEN,A549,5394,4114,-0.6125443079999999,0.758250214,-0.444561111,0.569747711,3.1165,Additive
THALIDOMIDE,METHOXSALEN,A549,5426,4114,0.946614615,2.429786889,1.001519692,0.070282067,1.3895,Synergy
THIOTEPA,METHOXSALEN,A549,5453,4114,-1.0750992659999998,2.66163812,-5.366981092,3.6243157569999997,16.3795,Additive
TRETINOIN,METHOXSALEN,A549,444795,4114,-6.264945632000001,-3.2716781839999998,-9.197770178999999,-2.27346202,-0.375,Antagonism
VEMURAFENIB,METHOXSALEN,A549,42611257,4114,-0.174612099,-1.124017979,-3.01861433,-2.8664985689999996,1.0070000000000001,Antagonism
ZOLINZA,METHOXSALEN,A549,5311,4114,-1.547470937,-0.256683963,-6.730934709,-3.8738626110000003,2.3040000000000003,Antagonism
5-FLUORO-2'-DEOXYURIDINE,MITOTANE,A549,3363,4211,-0.6327475770000001,-2.490978199,-44.3713914,-3.565728511,10.055,Antagonism
5-FU,MITOTANE,A549,3385,4211,4.868294131,-0.07008829700000001,-9.111142407,0.279615215,-1.026,Additive
ALTRETAMINE,MITOTANE,A549,2123,4211,1.165130972,-0.169955716,-3.9415228719999997,-4.220109481000001,5.171,Additive
AXITINIB,MITOTANE,A549,6450551,4211,-2.644529295,3.2870131789999997,-3.095807626,3.3117889039999997,8.7755,Additive
CELECOXIB,MITOTANE,A549,2662,4211,2.209434159,1.5183181540000001,-2.74177834,-2.407630511,3.0195,Additive
CHEMBL277800,MITOTANE,A549,354624,4211,0.13183984599999998,-2.207065408,-4.726434554,-3.970603606,-0.03675,Additive
CHLORAMBUCIL,MITOTANE,A549,2708,4211,2.0890717640000003,1.3478512269999998,-9.501678277,1.851311535,18.0545,Additive
CRIZOTINIB,MITOTANE,A549,11626560,4211,-3.447661345,1.862294938,-13.48117708,0.904416222,15.532,Additive
DASATINIB,MITOTANE,A549,3062316,4211,-2.380900707,0.7416744059999999,-2.301868366,-2.132704584,11.5245,Additive
DEXRAZOXANE,MITOTANE,A549,71384,4211,0.8789961759999999,1.101245182,-6.312000128999999,1.582329006,1.8165,Additive
EXEMESTANE,MITOTANE,A549,60198,4211,0.394538888,2.511815807,-11.34415996,3.0430041039999995,11.2395,Additive
GEFITINIB,MITOTANE,A549,123631,4211,2.631130644,3.515033784,-7.309111098,4.086615215,10.1725,Additive
LAPATINIB,MITOTANE,A549,208908,4211,-2.907593667,0.160450274,-3.115431299,-2.834943013,9.39,Additive
LENALIDOMIDE,MITOTANE,A549,216326,4211,-2.970660937,2.116549466,2.048037616,2.809337437,6.7015,Additive
LETROZOLE,MITOTANE,A549,3902,4211,3.277817798,2.5287068880000003,-1.8746964769999999,-2.425583579,3.7875,Additive
MEGESTROL ACETATE,MITOTANE,A549,11683,4211,-3.05968303,2.8817236,1.265691928,3.570337437,1.102,Additive
PAZOPANIB HYDROCHLORIDE,MITOTANE,A549,11525740,4211,2.07984561,7.7502214689999995,7.057875752999999,7.053582888999999,9.4055,Synergy
RUXOLITINIB,MITOTANE,A549,25126798,4211,-1.7295644490000002,1.6110210919999999,-4.697663159,0.906189777,5.417999999999999,Additive
TEMOZOLOMIDE,MITOTANE,A549,5394,4211,2.145382855,1.791535862,-3.3534683519999997,-2.959998544,1.885,Additive
THIOTEPA,MITOTANE,A549,5453,4211,-6.481728236,-4.721638992,-25.68811362,-5.634573132000001,-0.32899999999999996,Antagonism
TRETINOIN,MITOTANE,A549,444795,4211,1.7625440730000002,6.519772477,-6.4981304589999995,5.110915032,10.574000000000002,Additive
VEMURAFENIB,MITOTANE,A549,42611257,4211,5.461299305,0.18593395899999998,-9.192644709,-2.00660968,0.6645,Additive
ZOLINZA,MITOTANE,A549,5311,4211,-7.80181805,-3.9232566710000003,-27.02860964,-5.306795967,-0.8240000000000001,Antagonism
5-FLUORO-2'-DEOXYURIDINE,NILOTINIB,A549,3363,644241,0.399982784,1.318170234,-41.29085603,-2.389076367,0.772,Additive
5-FU,NILOTINIB,A549,3385,644241,6.855571524,2.3131436030000003,0.498239505,1.7180596590000001,-0.561,Synergy
ALTRETAMINE,NILOTINIB,A549,2123,644241,2.161783816,5.293575372,1.77677207,0.81209859,5.827999999999999,Synergy
ANASTROZOLE,NILOTINIB,A549,2187,644241,3.012424862,1.5522589880000002,-2.601363135,-3.435818865,2.84025,Additive
AXITINIB,NILOTINIB,A549,6450551,644241,-1.826973728,-3.9586728630000003,-8.61144006,-5.4837047320000005,4.6755,Antagonism
CELECOXIB,NILOTINIB,A549,2662,644241,2.85311319,3.9169116689999997,-1.547265967,-2.8144428439999998,4.4910000000000005,Additive
CHLORAMBUCIL,NILOTINIB,A549,2708,644241,1.594780307,1.906464216,0.730047544,0.9335041040000001,9.2715,Synergy
CRIZOTINIB,NILOTINIB,A549,11626560,644241,-4.416132404,-0.137295677,-9.462728753,-2.239593621,12.592,Antagonism
DEXRAZOXANE,NILOTINIB,A549,71384,644241,2.869388505,3.046758154,1.410032839,2.228106784,2.714,Synergy
EXEMESTANE,NILOTINIB,A549,60198,644241,1.600237684,2.248361764,1.9685856069999998,1.3444485480000001,12.8895,Synergy
GEFITINIB,NILOTINIB,A549,123631,644241,1.335539824,0.553264674,-3.1756047830000003,-0.419384785,1.989,Additive
LENALIDOMIDE,NILOTINIB,A549,216326,644241,-2.168858819,1.166908471,-0.141458459,-0.011995896,3.6525,Additive
LETROZOLE,NILOTINIB,A549,3902,644241,2.9910225639999997,3.396539846,-4.477305091,-4.1580218780000004,3.753,Additive
MEGESTROL ACETATE,NILOTINIB,A549,11683,644241,-2.1276836709999998,-0.129972353,-2.426150895,-1.301773674,-4.5655,Antagonism
MITOTANE,NILOTINIB,A549,4211,644241,-0.023171452999999998,-1.421772735,-2.209608255,-3.119597363,-1.665,Antagonism
PAZOPANIB HYDROCHLORIDE,NILOTINIB,A549,11525740,644241,0.27775527899999997,-1.67345072,-3.0827857969999997,-3.770704732,-0.0625,Additive
RUXOLITINIB,NILOTINIB,A549,25126798,644241,-1.4564617219999998,-1.3734202309999999,-3.099221785,-3.328926955,0.6095,Antagonism
TEMOZOLOMIDE,NILOTINIB,A549,5394,644241,3.311552788,0.31175974100000003,-3.68058149,-5.083331703,1.4915,Additive
THIOTEPA,NILOTINIB,A549,5453,644241,-4.704045744,1.323662429,-4.950855873,-0.8568551320000001,-4.715,Additive
TRETINOIN,NILOTINIB,A549,444795,644241,-1.599727388,5.056156199,-1.878283526,3.2850800000000002,5.892,Additive
VEMURAFENIB,NILOTINIB,A549,42611257,644241,0.637617542,0.613121636,-3.0420654160000002,-2.7000661089999998,5.063,Additive
5-FLUORO-2'-DEOXYURIDINE,PROCARBAZINE HYDROCHLORIDE,A549,3363,9703,-0.01188923,0.962860697,-40.77383249,-0.351299576,-6.2095,Additive
5-FU,PROCARBAZINE HYDROCHLORIDE,A549,3385,9703,2.284092373,-2.087207379,-13.29047574,-3.8997181189999996,-8.2665,Additive
ALTRETAMINE,PROCARBAZINE HYDROCHLORIDE,A549,2123,9703,3.784981443,5.151427869,-0.412963119,-0.11367722,8.035,Additive
ANASTROZOLE,PROCARBAZINE HYDROCHLORIDE,A549,2187,9703,0.76099423,-1.863268444,-3.210278502,-4.883551491,-0.529,Additive
AXITINIB,PROCARBAZINE HYDROCHLORIDE,A549,6450551,9703,-1.199238318,-4.587409972,-15.17009929,-8.233885867,6.5120000000000005,Antagonism
BUSULFAN,PROCARBAZINE HYDROCHLORIDE,A549,2478,9703,-0.896031206,5.492688062,2.452210255,2.419629311,6.382999999999999,Additive
CELECOXIB,PROCARBAZINE HYDROCHLORIDE,A549,2662,9703,1.194766396,3.938687631,-0.351601855,0.8553377329999999,5.1715,Additive
CHEMBL277800,PROCARBAZINE HYDROCHLORIDE,A549,354624,9703,-2.665491515,0.936647772,-12.29672736,-0.04577457,8.5195,Additive
CHLORAMBUCIL,PROCARBAZINE HYDROCHLORIDE,A549,2708,9703,0.381553886,-1.004602895,-15.32996407,-3.968051452,4.6995,Additive
CRIZOTINIB,PROCARBAZINE HYDROCHLORIDE,A549,11626560,9703,-4.146322477,1.016771061,-18.11289621,-2.801039,13.183,Additive
DASATINIB,PROCARBAZINE HYDROCHLORIDE,A549,3062316,9703,-0.7006411920000001,4.1460874919999995,-6.45787631,1.203115215,8.498,Additive
DEXRAZOXANE,PROCARBAZINE HYDROCHLORIDE,A549,71384,9703,0.407705872,-0.948439281,-11.33622235,-3.4418932160000004,-1.1175,Additive
EXEMESTANE,PROCARBAZINE HYDROCHLORIDE,A549,60198,9703,0.851340744,0.962037005,-16.17827521,-1.791107756,4.6635,Additive
GEFITINIB,PROCARBAZINE HYDROCHLORIDE,A549,123631,9703,4.172961477,5.689117447,-8.669254624,2.7266153330000003,8.922,Additive
LAPATINIB,PROCARBAZINE HYDROCHLORIDE,A549,208908,9703,-0.087220898,0.375547898,-8.74670679,-2.689033783,4.391,Additive
LENALIDOMIDE,PROCARBAZINE HYDROCHLORIDE,A549,216326,9703,-1.939035088,0.562718859,-3.789267505,-3.027995822,2.1085,Additive
LETROZOLE,PROCARBAZINE HYDROCHLORIDE,A549,3902,9703,2.1663044609999997,0.338201876,0.43336425700000003,-2.905386778,0.8835,Additive
MEGESTROL ACETATE,PROCARBAZINE HYDROCHLORIDE,A549,11683,9703,-0.22932998899999998,4.63686235,-1.236863627,1.067781881,4.2775,Additive
MITOTANE,PROCARBAZINE HYDROCHLORIDE,A549,4211,9703,0.769035093,2.9528246830000002,1.477325611,1.63534327,5.3655,Synergy
NILOTINIB,PROCARBAZINE HYDROCHLORIDE,A549,644241,9703,1.787092621,1.258207896,1.265996591,-4.201639333999999,-0.495,Additive
PAZOPANIB HYDROCHLORIDE,PROCARBAZINE HYDROCHLORIDE,A549,11525740,9703,1.161640363,-4.22634853,-9.05822139,-8.287704,-4.0675,Additive
RUXOLITINIB,PROCARBAZINE HYDROCHLORIDE,A549,25126798,9703,-2.29970441,-0.343597991,-10.48060564,-4.1041502,2.275,Antagonism
TEMOZOLOMIDE,PROCARBAZINE HYDROCHLORIDE,A549,5394,9703,1.1106388729999999,-0.201864708,-0.350232224,-1.615273475,-2.381,Additive
THALIDOMIDE,PROCARBAZINE HYDROCHLORIDE,A549,5426,9703,9.806300481000001,3.7189180160000004,0.42880327700000004,-0.003331703,4.121,Additive
THIOTEPA,PROCARBAZINE HYDROCHLORIDE,A549,5453,9703,-10.01065975,-0.404781416,-18.63473004,-1.3679217559999999,-1.1865,Antagonism
TRETINOIN,PROCARBAZINE HYDROCHLORIDE,A549,444795,9703,-4.020302638,0.916709962,-8.926367162,0.010893143999999999,8.2335,Additive
VEMURAFENIB,PROCARBAZINE HYDROCHLORIDE,A549,42611257,9703,1.4107117580000001,-0.656848306,-13.31621157,-5.580640089,5.532,Additive
ZOLINZA,PROCARBAZINE HYDROCHLORIDE,A549,5311,9703,-1.756563619,-0.926263765,-12.195072,-4.751640333,4.039,Antagonism
5-FLUORO-2'-DEOXYURIDINE,TEMOZOLOMIDE,A549,3363,5394,1.8127940280000001,2.556578014,-37.12684983,1.150922856,3.8205,Additive
5-FU,TEMOZOLOMIDE,A549,3385,5394,6.5128698620000005,0.43644196,-12.7522921,-1.7760499669999998,1.111,Additive
ALTRETAMINE,TEMOZOLOMIDE,A549,2123,5394,4.302400099,2.5619122659999998,-3.988838264,-3.403136022,3.908,Additive
AXITINIB,TEMOZOLOMIDE,A549,6450551,5394,-0.38654709600000003,-5.006933588,-16.5015445,-9.458107007999999,-1.222,Antagonism
CELECOXIB,TEMOZOLOMIDE,A549,2662,5394,1.463203969,2.826977285,-1.483368983,-0.8393875890000001,2.374,Additive
CHLORAMBUCIL,TEMOZOLOMIDE,A549,2708,5394,1.940242843,1.725030235,-15.19846744,-1.892385978,11.4405,Additive
CRIZOTINIB,TEMOZOLOMIDE,A549,11626560,5394,-1.0391516509999998,-1.686682276,-21.88828626,-6.1936809120000005,9.197000000000001,Antagonism
DEXRAZOXANE,TEMOZOLOMIDE,A549,71384,5394,3.4597481560000003,3.1830339839999997,-9.12885516,0.13932977800000002,4.789,Additive
EXEMESTANE,TEMOZOLOMIDE,A549,60198,5394,4.322968169,6.044374424,-13.66237214,2.68367077,15.1455,Additive
GEFITINIB,TEMOZOLOMIDE,A549,123631,5394,5.957444252,7.014432302,-9.307742072,3.39817077,10.86,Additive
LENALIDOMIDE,TEMOZOLOMIDE,A549,216326,5394,0.9338611590000001,4.545555402,-0.737809974,0.162448548,6.394,Additive
LETROZOLE,TEMOZOLOMIDE,A549,3902,5394,4.969282011000001,7.102438806,-5.9337196279999995,-5.605554644,7.7170000000000005,Additive
MEGESTROL ACETATE,TEMOZOLOMIDE,A549,11683,5394,-1.3630672659999998,3.373703416,-3.430608131,-0.982994444,2.6,Additive
PAZOPANIB HYDROCHLORIDE,TEMOZOLOMIDE,A549,11525740,5394,1.929148254,-0.968130426,-6.84187758,-5.863625356,0.5435,Additive
RUXOLITINIB,TEMOZOLOMIDE,A549,25126798,5394,-1.5245832000000001,-2.882524247,-16.29985779,-7.4569586889999995,4.0325,Antagonism
THIOTEPA,TEMOZOLOMIDE,A549,5453,5394,-2.75243454,4.173097996,-21.32410826,1.7331448680000001,0.8495,Additive
TRETINOIN,TEMOZOLOMIDE,A549,444795,5394,-5.317165552,0.279526476,-11.98885253,-1.375743844,-0.757,Additive
VEMURAFENIB,TEMOZOLOMIDE,A549,42611257,5394,2.5966197540000002,0.08799473099999999,-13.85716156,-5.4677047320000005,7.2745,Additive
5-FLUORO-2'-DEOXYURIDINE,THALIDOMIDE,A549,3363,5426,-0.438431908,-1.011051325,-73.38704956,-0.9935514520000001,21.709,Antagonism
5-FU,THALIDOMIDE,A549,3385,5426,3.9739845689999997,-2.9010656619999997,-8.895129177000001,-2.014273674,-17.500999999999998,Additive
ALTRETAMINE,THALIDOMIDE,A549,2123,5426,0.846966355,-5.288446831,-8.319856256,-9.292220592,-6.2025,Additive
ANASTROZOLE,THALIDOMIDE,A549,2187,5426,4.17194204,3.404095359,-3.466005421,-3.471109778,3.2935,Additive
AXITINIB,THALIDOMIDE,A549,6450551,5426,-2.590674196,-4.516854647,-6.899860696,-4.134831902,-1.402,Antagonism
BUSULFAN,THALIDOMIDE,A549,2478,5426,0.29720904800000003,3.7244334130000003,0.3296123,-0.440527567,9.617,Additive
CELECOXIB,THALIDOMIDE,A549,2662,5426,7.851307896000001,3.0902737360000003,-1.840580677,-0.829387458,4.9195,Additive
CHEMBL277800,THALIDOMIDE,A549,354624,5426,-2.320107061,4.029671811,-1.407739132,3.485116765,13.165,Additive
CHLORAMBUCIL,THALIDOMIDE,A549,2708,5426,-1.732306542,-2.773730949,-5.949861871,-1.771021798,1.6369999999999998,Antagonism
CRIZOTINIB,THALIDOMIDE,A549,11626560,5426,-1.4676170919999998,-3.0391312989999997,-10.38031362,-3.553887458,0.41700000000000004,Antagonism
DASATINIB,THALIDOMIDE,A549,3062316,5426,0.867296515,1.436857489,-4.954288502,-1.53132923,6.599,Additive
DEXRAZOXANE,THALIDOMIDE,A549,71384,5426,-1.811020813,-4.411400148,-8.864970176,-3.191448771,-10.7035,Antagonism
EXEMESTANE,THALIDOMIDE,A549,60198,5426,-1.1445607420000001,-1.642893063,-6.070673145,-0.295884785,-2.051,Antagonism
GEFITINIB,THALIDOMIDE,A549,123631,5426,-4.2975506580000005,-1.66582357,-9.412791527000001,-0.216384785,-2.345,Antagonism
LAPATINIB,THALIDOMIDE,A549,208908,5426,1.475489916,4.716644704,-1.071950267,1.122805111,7.399,Additive
LENALIDOMIDE,THALIDOMIDE,A549,216326,5426,-1.952941778,-1.279683904,-0.080903703,0.477115215,-1.005,Additive
LETROZOLE,THALIDOMIDE,A549,3902,5426,0.57652408,-6.037985256,-5.193980666,-8.962440341,-4.024,Additive
MEGESTROL ACETATE,THALIDOMIDE,A549,11683,5426,-3.880649421,-3.109321192,-3.395911655,-1.4454565480000001,-5.4225,Antagonism
MITOTANE,THALIDOMIDE,A549,4211,5426,0.119665892,0.250969408,-0.011773752,0.00792276,0.741,Additive
NILOTINIB,THALIDOMIDE,A549,644241,5426,11.08826023,-0.948915664,-2.828523658,-5.608916912000001,1.0390000000000001,Additive
PAZOPANIB HYDROCHLORIDE,THALIDOMIDE,A549,11525740,5426,-0.18214827100000003,2.814570287,2.8690745860000004,2.825900015,1.334,Additive
RUXOLITINIB,THALIDOMIDE,A549,25126798,5426,-3.817503655,2.85531791,2.796681118,2.454945875,12.312000000000001,Additive
TEMOZOLOMIDE,THALIDOMIDE,A549,5394,5426,-1.1035870840000002,-2.115385528,-2.4907094830000003,-2.201239544,-1.7209999999999999,Antagonism
THIOTEPA,THALIDOMIDE,A549,5453,5426,-10.38917855,-1.406218134,-16.194195399999998,-1.3879958959999998,-4.9735,Antagonism
TRETINOIN,THALIDOMIDE,A549,444795,5426,-5.735597933999999,0.62691655,-11.55492211,0.647559033,7.072,Additive
VEMURAFENIB,THALIDOMIDE,A549,42611257,5426,7.792535686,0.977046333,-3.0883330260000004,-0.827943013,3.489,Additive
ZOLINZA,THALIDOMIDE,A549,5311,5426,1.34956797,0.599386209,-6.6331882460000005,-4.313860889,-1.1745,Additive
5-FLUORO-2'-DEOXYURIDINE,TOPOTECAN HYDROCHLORIDE,A549,3363,60699,0.39999682299999995,-0.518769067,-1.75659668,3.945359477,-8.712,Additive
5-FU,TOPOTECAN HYDROCHLORIDE,A549,3385,60699,2.0124734369999997,-1.122625566,1.7364294269999998,2.096482424,-3.694,Additive
ALTRETAMINE,TOPOTECAN HYDROCHLORIDE,A549,2123,60699,-2.0990611130000003,1.6571953000000001,-21.16641043,-2.088056092,10.645,Additive
AMIFOSTINE,TOPOTECAN HYDROCHLORIDE,A549,2141,60699,-5.200461597,-4.764442753,-33.86230438,-3.004297153,-6.0785,Antagonism
ANASTROZOLE,TOPOTECAN HYDROCHLORIDE,A549,2187,60699,0.960326754,5.315824235,-11.47386521,4.897968646,3.0260000000000002,Additive
AXITINIB,TOPOTECAN HYDROCHLORIDE,A549,6450551,60699,-6.384813475,-0.8321291120000001,-10.04974866,-0.853572894,15.0125,Antagonism
BUSULFAN,TOPOTECAN HYDROCHLORIDE,A549,2478,60699,-2.94669964,5.143631248999999,-4.28147609,7.015319474,9.1985,Additive
CELECOXIB,TOPOTECAN HYDROCHLORIDE,A549,2662,60699,-0.472515144,0.37322010200000005,-34.81404202,0.16363745400000002,-4.6715,Additive
CHEMBL277800,TOPOTECAN HYDROCHLORIDE,A549,354624,60699,2.597792353,2.6933916680000003,3.1614759119999998,6.069647098,16.1715,Synergy
CHLORAMBUCIL,TOPOTECAN HYDROCHLORIDE,A549,2708,60699,-4.076524198,-0.503164947,-4.0212671339999995,0.5999030479999999,13.9615,Additive
CRIZOTINIB,TOPOTECAN HYDROCHLORIDE,A549,11626560,60699,-4.642200879,0.448502124,-6.106997442999999,1.037116765,28.621,Additive
DASATINIB,TOPOTECAN HYDROCHLORIDE,A549,3062316,60699,-1.459981683,6.443621817,-3.922560855,6.998651278,2.9815,Additive
DEXRAZOXANE,TOPOTECAN HYDROCHLORIDE,A549,71384,60699,-0.745373372,-0.621152467,2.6181425380000003,2.884421248,1.9605,Additive
EXEMESTANE,TOPOTECAN HYDROCHLORIDE,A549,60198,60699,-0.053048884000000004,2.361327282,-4.059934085,2.944847492,11.2515,Additive
GEFITINIB,TOPOTECAN HYDROCHLORIDE,A549,123631,60699,1.013293217,5.501539411,8.495915953999999,8.880569714,14.344000000000001,Synergy
IMIQUIMOD,TOPOTECAN HYDROCHLORIDE,A549,57469,60699,-0.942349863,-2.307540827,-17.19590678,-2.674442844,-3.468,Antagonism
LAPATINIB,TOPOTECAN HYDROCHLORIDE,A549,208908,60699,-3.417857118,0.41940696200000005,-15.10407013,1.287654949,-3.9730000000000003,Additive
LENALIDOMIDE,TOPOTECAN HYDROCHLORIDE,A549,216326,60699,-7.558973015,0.054156683,0.301152661,0.377538217,13.652999999999999,Additive
LETROZOLE,TOPOTECAN HYDROCHLORIDE,A549,3902,60699,6.536101078,7.877948152999999,-17.80270318,6.939020444,-11.495999999999999,Additive
MEGESTROL ACETATE,TOPOTECAN HYDROCHLORIDE,A549,11683,60699,-6.142962657999999,-0.949185719,-11.02581987,-0.492017339,6.8355,Antagonism
METHOXSALEN,TOPOTECAN HYDROCHLORIDE,A549,4114,60699,-8.133847617999999,-13.60531513,-12.93362963,-12.41990623,-13.3155,Antagonism
MITOTANE,TOPOTECAN HYDROCHLORIDE,A549,4211,60699,-0.912082307,1.237904505,-33.831444399999995,3.0444504439999998,-3.0015,Additive
NILOTINIB,TOPOTECAN HYDROCHLORIDE,A549,644241,60699,-8.781127187000001,-2.158778472,-31.82621642,-3.5687577989999997,-2.895,Antagonism
PAZOPANIB HYDROCHLORIDE,TOPOTECAN HYDROCHLORIDE,A549,11525740,60699,-5.306177316,2.48830133,-19.80517836,1.0444186,18.8795,Additive
PROCARBAZINE HYDROCHLORIDE,TOPOTECAN HYDROCHLORIDE,A549,9703,60699,-7.048207783,-12.21616484,-29.851611699999996,-13.06567838,-13.4495,Antagonism
RUXOLITINIB,TOPOTECAN HYDROCHLORIDE,A549,25126798,60699,-6.537070722999999,1.624476042,-6.632949572999999,1.708974156,20.4865,Additive
TEMOZOLOMIDE,TOPOTECAN HYDROCHLORIDE,A549,5394,60699,-0.9677441390000001,1.5304095969999998,-28.48980617,2.455562156,-10.068,Additive
THALIDOMIDE,TOPOTECAN HYDROCHLORIDE,A549,5426,60699,-8.41833034,-13.74489007,-13.13269789,-12.47217202,-14.537,Antagonism
THIOTEPA,TOPOTECAN HYDROCHLORIDE,A549,5453,60699,-0.24285077100000002,-0.7052483420000001,2.766696669,5.098736381,0.9685,Additive
TRETINOIN,TOPOTECAN HYDROCHLORIDE,A549,444795,60699,3.5239005910000003,4.067839398,6.347133764,7.924494646,1.1135,Synergy
VEMURAFENIB,TOPOTECAN HYDROCHLORIDE,A549,42611257,60699,-0.296283105,2.761241243,-15.90090529,0.226974156,25.7905,Additive
ZOLINZA,TOPOTECAN HYDROCHLORIDE,A549,5311,60699,2.77768022,4.746389443,1.055956043,5.45771507,7.6295,Synergy
5-FLUORO-2'-DEOXYURIDINE,TRETINOIN,A549,3363,444795,-2.3376095,-2.0790061769999997,0.48566179600000003,1.6675893130000001,-8.508,Additive
5-FU,TRETINOIN,A549,3385,444795,1.128470156,-1.667672003,3.1824312000000003,3.999837437,-14.8115,Additive
ALTRETAMINE,TRETINOIN,A549,2123,444795,0.726917523,2.493716731,-13.43363194,-1.097220592,10.5615,Additive
AXITINIB,TRETINOIN,A549,6450551,444795,-4.406754239,0.380454213,3.035824112,3.2483588219999997,11.0605,Additive
CELECOXIB,TRETINOIN,A549,2662,444795,-6.325800291,-2.365352096,-8.824914506,-1.676665036,2.7289999999999996,Antagonism
CHLORAMBUCIL,TRETINOIN,A549,2708,444795,-4.423724581,-3.877409055,-1.5831586469999999,0.015908668,4.3035,Additive
CRIZOTINIB,TRETINOIN,A549,11626560,444795,-7.528487177000001,0.9281895809999999,2.563254519,2.749334764,14.8935,Additive
DEXRAZOXANE,TRETINOIN,A549,71384,444795,-5.791224229,-6.460521404,-0.8434122909999999,-0.141063957,-14.01,Antagonism
EXEMESTANE,TRETINOIN,A549,60198,444795,-2.799559683,-2.435092317,-0.390097665,0.8411680979999999,22.357,Additive
GEFITINIB,TRETINOIN,A549,123631,444795,1.3767795790000001,1.529327348,8.203039915,8.859978202,4.3125,Synergy
LENALIDOMIDE,TRETINOIN,A549,216326,444795,-6.840734706,-5.2150756739999995,-1.494443405,0.290305433,-2.7635,Additive
LETROZOLE,TRETINOIN,A549,3902,444795,-4.536625961,-5.349192336000001,-11.58868982,-9.721109481000001,1.133,Antagonism
MEGESTROL ACETATE,TRETINOIN,A549,11683,444795,-7.520724512,-2.7654271,-5.657170645,2.838091716,-4.5305,Additive
PAZOPANIB HYDROCHLORIDE,TRETINOIN,A549,11525740,444795,-0.925813728,-1.797072815,-7.889979492999999,-1.2711094809999999,0.948,Antagonism
RUXOLITINIB,TRETINOIN,A549,25126798,444795,-7.295840911,-0.786950125,0.613280622,1.500168098,6.138999999999999,Additive
THIOTEPA,TRETINOIN,A549,5453,444795,-4.239522251,-2.424093612,2.600386301,4.569803921,6.852,Additive
VEMURAFENIB,TRETINOIN,A549,42611257,444795,-2.247100327,-1.816308147,-4.014982625,-2.487220592,2.5035,Antagonism
5-FLUORO-2'-DEOXYURIDINE,ZOLINZA,A549,3363,5311,-1.712982107,1.730017904,-11.47517243,1.309787714,-3.6925,Additive
5-FU,ZOLINZA,A549,3385,5311,1.35305575,-3.442175743,-2.520519479,-1.046495896,-10.8455,Additive
ALTRETAMINE,ZOLINZA,A549,2123,5311,-0.018751906999999998,0.080920588,-14.15319033,-3.9077783139999998,6.3815,Additive
ANASTROZOLE,ZOLINZA,A549,2187,5311,-0.6879048409999999,-0.15557881,-2.540047316,-2.945664115,1.43325,Antagonism
AXITINIB,ZOLINZA,A549,6450551,5311,3.081623221,2.239397749,3.485583446,2.941725883,14.312000000000001,Synergy
CELECOXIB,ZOLINZA,A549,2662,5311,-0.676130592,0.407422295,-11.2985954,-2.6222205919999997,4.9465,Additive
CHEMBL277800,ZOLINZA,A549,354624,5311,-4.574979514,-3.762021677,-3.84388656,-3.115591243,-0.369,Antagonism
CHLORAMBUCIL,ZOLINZA,A549,2708,5311,-0.084014761,0.226242814,-0.861973998,1.368775729,15.342,Additive
CRIZOTINIB,ZOLINZA,A549,11626560,5311,-6.042290032,-0.891609636,-2.7062005310000004,-1.120399443,15.511,Antagonism
DEXRAZOXANE,ZOLINZA,A549,71384,5311,-0.563375499,-1.4964962819999998,0.52884921,0.942754581,0.7265,Additive
EXEMESTANE,ZOLINZA,A549,60198,5311,-0.8786324609999999,2.2189329769999997,0.194092414,3.3148474919999997,9.199,Additive
GEFITINIB,ZOLINZA,A549,123631,5311,2.7180563839999996,6.132493437999999,8.020294522,9.021149091,12.6765,Synergy
LENALIDOMIDE,ZOLINZA,A549,216326,5311,3.981756577,5.985211137,7.652148127,7.715427106,8.9135,Synergy
LETROZOLE,ZOLINZA,A549,3902,5311,-1.091712502,-0.8868714390000001,-11.35446295,-7.055553925,-0.462,Antagonism
MEGESTROL ACETATE,ZOLINZA,A549,11683,5311,-4.3522886419999995,-1.058193529,-2.140701024,0.7479664540000001,-0.9265,Additive
NILOTINIB,ZOLINZA,A549,644241,5311,1.5586978169999999,-1.86221496,-13.98054153,-9.614443211000001,-2.171,Additive
PAZOPANIB HYDROCHLORIDE,ZOLINZA,A549,11525740,5311,-1.285517964,0.34221072799999996,-6.0228736839999995,-0.374319829,14.594000000000001,Additive
RUXOLITINIB,ZOLINZA,A549,25126798,5311,-3.5584583939999996,0.263760129,-1.033906386,0.339211669,7.2860000000000005,Additive
TEMOZOLOMIDE,ZOLINZA,A549,5394,5311,-1.700826975,0.159762178,-14.59237128,-4.631109481,2.739,Additive
THIOTEPA,ZOLINZA,A549,5453,5311,-6.737327427,2.9548410260000004,-1.093490954,2.627565492,10.1625,Additive
TRETINOIN,ZOLINZA,A549,444795,5311,-5.354470737,0.29125111800000003,-1.51140826,0.12521257800000002,3.3125,Additive
VEMURAFENIB,ZOLINZA,A549,42611257,5311,-1.281428271,0.15714633,-5.709910787,-1.9866531619999999,9.279,Additive
5-FU,5-FLUORO-2'-DEOXYURIDINE,A549,3385,3363,-5.465764655,-6.150098903,3.318694307,4.598337585,-44.6305,Additive
ALTRETAMINE,5-FLUORO-2'-DEOXYURIDINE,A549,2123,3363,4.32684043,4.181339658,-14.26499628,1.85650163,-3.9155,Additive
AXITINIB,5-FLUORO-2'-DEOXYURIDINE,A549,6450551,3363,-8.532611907,-14.77672797,-22.80069957,-12.46163901,-32.2565,Antagonism
CELECOXIB,5-FLUORO-2'-DEOXYURIDINE,A549,2662,3363,-4.610773698,-5.912151156,-37.77068368,-5.547788744,14.2225,Antagonism
CHLORAMBUCIL,5-FLUORO-2'-DEOXYURIDINE,A549,2708,3363,-5.467408777999999,-5.911152774,-3.488564375,0.532503598,-28.5335,Additive
CRIZOTINIB,5-FLUORO-2'-DEOXYURIDINE,A549,11626560,3363,-10.51121945,-15.46806787,-16.52230483,-12.16380568,-32.907,Antagonism
DEXRAZOXANE,5-FLUORO-2'-DEOXYURIDINE,A549,71384,3363,-10.69303271,-11.52041386,-2.949034433,-0.786255832,-42.997,Antagonism
EXEMESTANE,5-FLUORO-2'-DEOXYURIDINE,A549,60198,3363,-0.53905115,-0.326884196,-0.694215537,4.533834764,-19.043,Additive
GEFITINIB,5-FLUORO-2'-DEOXYURIDINE,A549,123631,3363,0.373566128,0.219015268,6.102238224,8.686434893,-23.862,Synergy
LENALIDOMIDE,5-FLUORO-2'-DEOXYURIDINE,A549,216326,3363,-0.195543363,2.231136127,5.80441428,5.8730571860000005,-14.7815,Additive
LETROZOLE,5-FLUORO-2'-DEOXYURIDINE,A549,3902,3363,-2.4985847740000002,-2.53883157,-21.81826177,-6.175696111000001,13.939,Antagonism
MEGESTROL ACETATE,5-FLUORO-2'-DEOXYURIDINE,A549,11683,3363,-1.014597847,-2.572877465,-14.73110728,1.390390519,-17.609,Additive
PAZOPANIB HYDROCHLORIDE,5-FLUORO-2'-DEOXYURIDINE,A549,11525740,3363,-6.260878377,-12.48757214,-28.26853099,-12.14705393,-26.842,Antagonism
RUXOLITINIB,5-FLUORO-2'-DEOXYURIDINE,A549,25126798,3363,-7.699986282999999,-13.16147112,-16.18801036,-10.66241679,-30.6355,Antagonism
THIOTEPA,5-FLUORO-2'-DEOXYURIDINE,A549,5453,3363,-7.835124154,-4.387851586,-13.49596863,-0.343457778,-11.8395,Antagonism
VEMURAFENIB,5-FLUORO-2'-DEOXYURIDINE,A549,42611257,3363,-5.633861997,-11.11391525,-17.44830218,-11.54827615,-26.9105,Antagonism
5-FU,ALTRETAMINE,A549,3385,2123,5.207181371,3.476067188,-13.21041962,1.5479485480000001,4.0925,Additive
AXITINIB,ALTRETAMINE,A549,6450551,2123,0.147996975,3.3163979460000004,-10.85541358,-0.562662563,10.8825,Additive
DEXRAZOXANE,ALTRETAMINE,A549,71384,2123,0.9174203879999999,-0.966287467,-16.1323307,-3.6187818889999996,-1.3925,Additive
EXEMESTANE,ALTRETAMINE,A549,60198,2123,0.19629833800000002,-1.312943379,-37.43077606,-4.250051452,3.8175,Additive
GEFITINIB,ALTRETAMINE,A549,123631,2123,-7.451622883,-1.453368711,-20.23606652,-4.60482923,0.927,Antagonism
LENALIDOMIDE,ALTRETAMINE,A549,216326,2123,-1.922580917,-2.908475525,-7.997829479,-6.728218119,-2.1830000000000003,Antagonism
MEGESTROL ACETATE,ALTRETAMINE,A549,11683,2123,-2.064026861,2.110176716,-4.255817681,-1.6865514519999998,-0.5855,Additive
PAZOPANIB HYDROCHLORIDE,ALTRETAMINE,A549,11525740,2123,1.37904518,2.006521973,-3.832667735,-2.2510197169999997,2.174,Additive
RUXOLITINIB,ALTRETAMINE,A549,25126798,2123,-1.9370672969999998,5.0597257739999995,-9.676939443,1.086091394,6.8745,Additive
5-FU,BORTEZOMIB,A549,3385,387447,6.085622548,4.678783718,6.467008551,6.475948548,0.782,Synergy
ALTRETAMINE,BORTEZOMIB,A549,2123,387447,4.5062682469999995,9.061827272,5.136748314,5.136668297,5.237,Synergy
AMIFOSTINE,BORTEZOMIB,A549,2141,387447,4.051002665,2.3625844480000002,-56.94278651,-0.894427138,-1.2125,Additive
AXITINIB,BORTEZOMIB,A549,6450551,387447,-4.0316516380000005,-1.120043122,-0.1910436,-0.202399443,4.291,Antagonism
BUSULFAN,BORTEZOMIB,A549,2478,387447,-1.021034832,-2.0315832069999997,-48.40722461,-2.769141178,33.0995,Antagonism
CHEMBL277800,BORTEZOMIB,A549,354624,387447,-2.099698605,-3.427533842,-4.756672265,-2.569921333,1.6230000000000002,Antagonism
CHLORAMBUCIL,BORTEZOMIB,A549,2708,387447,2.918028449,5.896479387,7.743617682000001,7.745422646000001,-1.3645,Synergy
CRIZOTINIB,BORTEZOMIB,A549,11626560,387447,-4.538060618,-3.041503175,-3.111480297,-3.179232776,8.4465,Antagonism
DEXRAZOXANE,BORTEZOMIB,A549,71384,387447,1.3663343819999998,3.68454185,6.151425827000001,6.156884562,0.542,Synergy
ERLOTINIB HYDROCHLORIDE,BORTEZOMIB,A549,176871,387447,27.71776571,28.07378213,26.38737524,27.52867117,4.4075,Synergy
EXEMESTANE,BORTEZOMIB,A549,60198,387447,-0.628797739,-2.9586087830000003,-0.10055685199999999,-0.865943162,-6.5085,Antagonism
GEFITINIB,BORTEZOMIB,A549,123631,387447,-2.163814098,-2.664804656,0.241483757,0.235876785,1.051,Additive
LAPATINIB,BORTEZOMIB,A549,208908,387447,-1.420501503,-1.717603776,-30.71007093,-1.657970289,12.882,Antagonism
LENALIDOMIDE,BORTEZOMIB,A549,216326,387447,-4.852456078,-5.4509761789999995,-1.8875402190000001,-2.133141563,-0.695,Antagonism
LETROZOLE,BORTEZOMIB,A549,3902,387447,3.634317285,5.4472420370000005,2.7643477180000002,2.6719704440000003,16.6065,Synergy
MEGESTROL ACETATE,BORTEZOMIB,A549,11683,387447,5.160554728,10.82314182,13.6940101,13.56868844,4.7955,Synergy
NILOTINIB,BORTEZOMIB,A549,644241,387447,-1.4659470330000002,-4.618011999,-36.84422916,-5.685553819,-5.5065,Antagonism
PAZOPANIB HYDROCHLORIDE,BORTEZOMIB,A549,11525740,387447,-1.814689594,-3.205915032,-2.630918353,-3.0760680760000003,-0.488,Antagonism
RUXOLITINIB,BORTEZOMIB,A549,25126798,387447,-5.167564866,-3.2751167430000003,-3.1632441989999998,-3.1637207910000003,8.3335,Antagonism
TEMOZOLOMIDE,BORTEZOMIB,A549,5394,387447,-2.802361618,-4.704780039,-44.02595906,-4.117900582,-12.6315,Antagonism
THALIDOMIDE,BORTEZOMIB,A549,5426,387447,1.86033773,-0.105986765,-57.15581443,-1.2244429,-28.429000000000002,Additive
TOPOTECAN HYDROCHLORIDE,BORTEZOMIB,A549,60699,387447,-7.526303189,-4.013895958,-13.43763047,-5.10123394,-10.8765,Antagonism
TRETINOIN,BORTEZOMIB,A549,444795,387447,-1.5904781119999998,-1.2483284190000001,-24.58514416,2.340006656,-14.112,Additive
VEMURAFENIB,BORTEZOMIB,A549,42611257,387447,-1.4863414080000001,-6.567419431,-7.720640528,-7.879857928,-0.19899999999999998,Antagonism
ZOLINZA,BORTEZOMIB,A549,5311,387447,0.17465623800000002,3.7279912310000003,-26.3831178,3.279807833,25.125999999999998,Additive
5-FU,CELECOXIB,A549,3385,2662,2.506317263,-2.497066774,-8.081462511,-1.200607008,-5.199,Additive
ALTRETAMINE,CELECOXIB,A549,2123,2662,-0.074141951,-0.628601262,-9.193417496,-4.769056092,1.754,Antagonism
AXITINIB,CELECOXIB,A549,6450551,2662,-1.398257702,1.5577383169999999,-1.495306005,1.5049240469999998,8.663,Additive
CHLORAMBUCIL,CELECOXIB,A549,2708,2662,-1.245576018,-0.581536298,-3.902519092,0.130664618,3.6365,Additive
CRIZOTINIB,CELECOXIB,A549,11626560,2662,0.9592889309999999,6.982479134,-1.007986383,6.159767223999999,19.1165,Additive
DEXRAZOXANE,CELECOXIB,A549,71384,2662,-1.347604373,-2.146754026,-5.368502059,-0.571412085,-1.5315,Antagonism
EXEMESTANE,CELECOXIB,A549,60198,2662,-2.7223909139999996,-2.708054026,-7.3216582379999995,-1.9852636190000001,1.807,Antagonism
GEFITINIB,CELECOXIB,A549,123631,2662,0.5192009439999999,1.044251608,-3.869261018,2.78453798,4.373,Additive
LENALIDOMIDE,CELECOXIB,A549,216326,2662,-4.19330779,-4.186709872,-2.7379955330000003,-2.689295117,-0.306,Antagonism
LETROZOLE,CELECOXIB,A549,3902,2662,2.9429480339999996,0.196856052,-7.309810762000001,-8.053331703,4.0075,Additive
MEGESTROL ACETATE,CELECOXIB,A549,11683,2662,-4.724672419,2.496987164,3.8769622310000003,4.104101386,3.83,Additive
PAZOPANIB HYDROCHLORIDE,CELECOXIB,A549,11525740,2662,1.189179041,10.42752967,8.608853631,9.514696378,12.128,Synergy
RUXOLITINIB,CELECOXIB,A549,25126798,2662,-4.778146417,2.921911205,1.159829097,2.32014627,13.909,Additive
VEMURAFENIB,CELECOXIB,A549,42611257,2662,0.12474429,5.606325628,1.8080021819999998,3.260791282,11.8135,Synergy
5-FU,CHLORAMBUCIL,A549,3385,2708,-0.266418528,-1.520762366,-1.990648565,4.562903048,-10.710999999999999,Additive
ALTRETAMINE,CHLORAMBUCIL,A549,2123,2708,-2.927699584,-1.158858778,-20.68037727,-4.311165036,3.1545,Antagonism
AXITINIB,CHLORAMBUCIL,A549,6450551,2708,-1.604603965,-2.815074105,-2.180263038,-1.5387360819999998,4.4045,Antagonism
DEXRAZOXANE,CHLORAMBUCIL,A549,71384,2708,-5.066965959,-6.034014469,-2.5082885619999997,0.313810374,-13.708,Additive
EXEMESTANE,CHLORAMBUCIL,A549,60198,2708,-4.754260575,-3.3897711669999997,-5.501600322000001,-0.423519569,1.6535,Antagonism
GEFITINIB,CHLORAMBUCIL,A549,123631,2708,-1.091021085,-1.95097166,0.542259279,2.9693279789999996,1.2565,Additive
LENALIDOMIDE,CHLORAMBUCIL,A549,216326,2708,-6.640602531,-3.364448359,-0.866799898,-0.480051066,-2.0580000000000003,Antagonism
MEGESTROL ACETATE,CHLORAMBUCIL,A549,11683,2708,-10.2592062,-2.108948503,-11.49747985,0.6483279789999999,-2.5485,Additive
PAZOPANIB HYDROCHLORIDE,CHLORAMBUCIL,A549,11525740,2708,-0.552106425,-1.308771121,-6.356989423,-1.322511693,7.3420000000000005,Antagonism
RUXOLITINIB,CHLORAMBUCIL,A549,25126798,2708,-1.62158615,1.252752391,-1.540924241,2.247041696,5.4105,Additive
5-FU,LETROZOLE,A549,3385,3902,1.331199604,-1.403147565,-4.458177834,-1.054940341,-2.9365,Additive
ALTRETAMINE,LETROZOLE,A549,2123,3902,1.3349526090000001,-0.940770949,-3.8492000789999996,-5.096500536000001,-0.95,Additive
AXITINIB,LETROZOLE,A549,6450551,3902,-2.599242559,-3.2176432010000005,-6.308164017999999,-3.707075953,4.2989999999999995,Antagonism
CHLORAMBUCIL,LETROZOLE,A549,2708,3902,-7.8739063510000005,-5.036480126,-5.685077765,-4.892922672,4.7605,Antagonism
CRIZOTINIB,LETROZOLE,A549,11626560,3902,-4.19463328,4.237248258999999,-3.808870788,3.01782278,24.647,Additive
DEXRAZOXANE,LETROZOLE,A549,71384,3902,-0.618870056,-2.310585278,-4.3998963589999995,-1.8315598830000002,-4.53,Antagonism
EXEMESTANE,LETROZOLE,A549,60198,3902,-1.094340933,-2.101133603,-1.641685602,-1.572218119,0.5855,Antagonism
GEFITINIB,LETROZOLE,A549,123631,3902,1.022949299,-0.320076128,-5.459077947999999,0.249059659,3.8425,Additive
LENALIDOMIDE,LETROZOLE,A549,216326,3902,-2.9723793439999997,0.330958165,0.7216261009999999,1.020781881,1.7425,Additive
MEGESTROL ACETATE,LETROZOLE,A549,11683,3902,-3.578479058,-2.242330006,-3.2308508369999998,-1.7015337830000001,-4.802,Antagonism
PAZOPANIB HYDROCHLORIDE,LETROZOLE,A549,11525740,3902,0.133031655,1.666591432,1.95673109,0.87145557,3.072,Synergy
RUXOLITINIB,LETROZOLE,A549,25126798,3902,-3.2556839419999997,-0.6304711,-3.913143828,-1.696232776,4.27,Antagonism
VEMURAFENIB,LETROZOLE,A549,42611257,3902,0.515875375,-0.222875233,-3.685350125,-2.67967722,5.651,Additive
5-FU,THIOTEPA,A549,3385,5453,-2.455741756,-2.7890118189999997,0.735544509,3.349815757,-11.2765,Additive
ALTRETAMINE,THIOTEPA,A549,2123,5453,-5.377649355,1.475301526,-40.68597606,-1.791220592,18.8685,Additive
AXITINIB,THIOTEPA,A549,6450551,5453,-10.83850269,-7.234472423,-6.176896435,-5.589918955,6.0520000000000005,Antagonism
CELECOXIB,THIOTEPA,A549,2662,5453,-5.516757456000001,-3.89088394,-5.730594412,-0.7745834559999999,6.332000000000001,Antagonism
CHLORAMBUCIL,THIOTEPA,A549,2708,5453,-9.436900527,-3.231071178,-6.780965463999999,0.840797557,4.7,Additive
CRIZOTINIB,THIOTEPA,A549,11626560,5453,-11.82660189,-6.44974217,-5.261932902,-4.629013859,17.206,Antagonism
DEXRAZOXANE,THIOTEPA,A549,71384,5453,-6.409721876,-2.669471868,2.132383755,4.263134443999999,-4.8905,Additive
EXEMESTANE,THIOTEPA,A549,60198,5453,-7.1364252310000005,-0.07199112,-6.903155821,2.905591542,-3.1865,Additive
GEFITINIB,THIOTEPA,A549,123631,5453,-1.759159141,1.398070834,3.5134389269999997,7.442383535,8.704,Additive
LENALIDOMIDE,THIOTEPA,A549,216326,5453,-2.8367696639999997,3.044240547,-0.24588891300000001,6.449117767000001,15.3885,Additive
LETROZOLE,THIOTEPA,A549,3902,5453,-13.33948281,-7.953094912999999,-9.325696707,-8.166666411,6.521,Antagonism
MEGESTROL ACETATE,THIOTEPA,A549,11683,5453,-10.48682467,0.83861977,-23.72851109,4.277272423,8.815,Additive
PAZOPANIB HYDROCHLORIDE,THIOTEPA,A549,11525740,5453,-7.558376674,-7.8216669439999995,-22.60017066,-7.658678359,2.2075,Antagonism
RUXOLITINIB,THIOTEPA,A549,25126798,5453,-8.873893922999999,-4.239611988,-12.69074365,-2.8483633999999998,16.762,Antagonism
VEMURAFENIB,THIOTEPA,A549,42611257,5453,-9.977297447,-6.014809121,-10.440842300000002,-7.046472344,13.355,Antagonism
5-FU,CRIZOTINIB,A549,3385,11626560,2.981321943,1.282972678,4.149123767,4.671976212,-0.31325,Synergy
ALTRETAMINE,CRIZOTINIB,A549,2123,11626560,-3.185824887,0.036497194,-26.93240316,-3.9427752939999996,14.88825,Additive
AXITINIB,CRIZOTINIB,A549,6450551,11626560,-2.5875040730000003,5.269593723,3.389104881,5.126754657,23.21925,Additive
CHLORAMBUCIL,CRIZOTINIB,A549,2708,11626560,-5.65051682,-2.521231594,-2.17088029,-1.2705912879999999,9.3555,Antagonism
5-FU,VEMURAFENIB,A549,3385,42611257,6.258780391,3.146719767,-1.930208734,2.786446497,3.2105,Additive
ALTRETAMINE,VEMURAFENIB,A549,2123,42611257,1.604949503,3.343465842,-10.24402419,-1.744997516,5.8985,Additive
AXITINIB,VEMURAFENIB,A549,6450551,42611257,-2.550801657,3.0595732410000003,0.24786766300000002,2.252413221,10.18325,Additive
CHLORAMBUCIL,VEMURAFENIB,A549,2708,42611257,-1.808939167,-0.508952237,-4.533136701,-1.59924496,6.2195,Antagonism
CRIZOTINIB,VEMURAFENIB,A549,11626560,42611257,-2.58124381,0.9015031720000001,-4.632065177,-0.6330818579999999,17.02475,Additive
DEXRAZOXANE,VEMURAFENIB,A549,71384,42611257,1.093170659,1.035285266,-1.487585559,0.5396611029999999,1.45525,Additive
EXEMESTANE,VEMURAFENIB,A549,60198,42611257,2.247101416,1.169387665,-1.368226528,0.35379760200000004,2.7489999999999997,Additive
GEFITINIB,VEMURAFENIB,A549,123631,42611257,2.319654598,2.419193022,-1.565882259,1.8303362,5.94125,Additive
LENALIDOMIDE,VEMURAFENIB,A549,216326,42611257,-2.812060896,-0.104270645,-1.4824675319999998,-0.817997265,3.298,Antagonism
MEGESTROL ACETATE,VEMURAFENIB,A549,11683,42611257,-2.522510261,4.105929093,-1.8360906940000001,3.035699484,2.103,Additive
PAZOPANIB HYDROCHLORIDE,VEMURAFENIB,A549,11525740,42611257,7.247656289,11.31835592,6.628385868,9.733071796,26.11775,Synergy
RUXOLITINIB,VEMURAFENIB,A549,25126798,42611257,-1.2317674779999999,0.23248266199999998,-1.560281865,-1.132165192,10.835,Additive
AXITINIB,5-FU,A549,6450551,3385,3.74679585,0.8376320079999999,1.696936466,3.171055556,1.6780000000000002,Synergy
DEXRAZOXANE,5-FU,A549,71384,3385,-2.631370462,-4.023179853,4.621886391,6.240375556,-26.5405,Additive
EXEMESTANE,5-FU,A549,60198,3385,2.150352153,-0.265358804,2.3506046819999997,4.671801111000001,-17.4575,Additive
GEFITINIB,5-FU,A549,123631,3385,-1.985253828,-2.165130846,3.8750960869999997,6.2502111110000005,-17.2335,Additive
LENALIDOMIDE,5-FU,A549,216326,3385,-0.19149659800000002,-0.8412451679999999,-8.797009293,2.179055556,-5.2755,Additive
MEGESTROL ACETATE,5-FU,A549,11683,3385,4.40688859,3.6381464360000004,-4.051120404,6.924944443999999,-1.026,Additive
PAZOPANIB HYDROCHLORIDE,5-FU,A549,11525740,3385,4.110195615,-0.139452687,-6.738012362,0.14294422199999998,-1.581,Additive
RUXOLITINIB,5-FU,A549,25126798,3385,3.320664854,0.946115734,-1.7650167959999998,3.867803333,1.7790000000000001,Additive
AXITINIB,DEXRAZOXANE,A549,6450551,71384,-0.11406680400000001,0.543707078,2.5413043269999998,2.9164109239999996,4.5935,Additive
CRIZOTINIB,DEXRAZOXANE,A549,11626560,71384,-3.493418365,-0.442363788,2.925749014,3.345582753,4.53675,Additive
EXEMESTANE,DEXRAZOXANE,A549,60198,71384,-2.1228086619999997,-2.172752469,0.46628761799999996,2.144940255,-21.429000000000002,Additive
GEFITINIB,DEXRAZOXANE,A549,123631,71384,-1.1296188759999999,-1.733243897,6.3169999489999995,7.7764299160000006,-12.5205,Additive
LENALIDOMIDE,DEXRAZOXANE,A549,216326,71384,-2.085660985,-1.500778767,0.149263634,2.590522035,-7.5605,Additive
PAZOPANIB HYDROCHLORIDE,DEXRAZOXANE,A549,11525740,71384,0.160062229,-0.07760826400000001,-5.362707001,0.310882089,-1.4925,Additive
RUXOLITINIB,DEXRAZOXANE,A549,25126798,71384,0.238938552,1.160970102,0.325471327,3.864744257,6.2075,Synergy
AXITINIB,EXEMESTANE,A549,6450551,60198,0.002580764,-1.53233522,-1.273621194,-0.5508078439999999,7.4985,Additive
CRIZOTINIB,EXEMESTANE,A549,11626560,60198,-1.3469265719999999,-0.365245295,-3.231658426,0.39046426799999995,3.8235,Additive
GEFITINIB,EXEMESTANE,A549,123631,60198,-2.299837239,-3.533958605,-1.326190075,0.13487155,-1.3215,Additive
LENALIDOMIDE,EXEMESTANE,A549,216326,60198,-0.946031945,-1.6426564590000001,0.777415113,1.156315994,-8.1585,Additive
PAZOPANIB HYDROCHLORIDE,EXEMESTANE,A549,11525740,60198,1.806513086,-0.892340375,-18.51213479,-0.492250122,1.7109999999999999,Additive
RUXOLITINIB,EXEMESTANE,A549,25126798,60198,-1.192588881,0.378324426,-11.46157571,0.958525489,8.4935,Additive
AXITINIB,GEFITINIB,A549,6450551,123631,3.20185473,4.035810679,4.997524685,6.841805432999999,9.799,Synergy
CRIZOTINIB,GEFITINIB,A549,11626560,123631,-0.136076159,4.7265734969999995,7.914386534,8.336019825,13.40775,Additive
LENALIDOMIDE,GEFITINIB,A549,216326,123631,-5.6939202270000004,-7.375205004,-7.587458708,-2.6728612330000003,-6.275,Antagonism
PAZOPANIB HYDROCHLORIDE,GEFITINIB,A549,11525740,123631,7.2626324360000005,7.510820744,-1.223021626,7.972390519,11.7805,Additive
RUXOLITINIB,GEFITINIB,A549,25126798,123631,3.2196311439999996,4.573867011,2.7267378110000005,7.848914378,8.5235,Synergy
AXITINIB,LENALIDOMIDE,A549,6450551,216326,-4.4185718519999995,-3.0671139860000003,-1.45390242,-1.4030562780000002,3.33,Antagonism
CRIZOTINIB,LENALIDOMIDE,A549,11626560,216326,-6.689680512000001,-0.139188162,0.32316543,0.38874155299999996,12.54475,Additive
PAZOPANIB HYDROCHLORIDE,LENALIDOMIDE,A549,11525740,216326,-3.52229675,-5.67300163,-5.671150092,-5.113554178,-2.485,Antagonism
RUXOLITINIB,LENALIDOMIDE,A549,25126798,216326,-6.174070179,-3.17375149,-2.474227544,-2.3748334669999998,1.2075,Antagonism
AXITINIB,MEGESTROL ACETATE,A549,6450551,11683,1.54996187,7.82762901,6.736080009,9.651834764,10.501,Synergy
CRIZOTINIB,MEGESTROL ACETATE,A549,11626560,11683,-3.615153447,0.39293236200000003,-10.00137881,1.051075379,8.1955,Additive
DEXRAZOXANE,MEGESTROL ACETATE,A549,71384,11683,-0.862771381,0.9672080609999999,-3.779524977,5.088047154,-4.3205,Additive
EXEMESTANE,MEGESTROL ACETATE,A549,60198,11683,-0.443447931,-1.779325745,-24.19791518,0.629258209,7.8495,Additive
GEFITINIB,MEGESTROL ACETATE,A549,123631,11683,-1.082063097,-0.663267444,-7.420128828999999,3.9669944089999998,-5.975,Additive
LENALIDOMIDE,MEGESTROL ACETATE,A549,216326,11683,-4.914895044,0.041631483,4.2102139560000005,4.458117767,-2.733,Additive
PAZOPANIB HYDROCHLORIDE,MEGESTROL ACETATE,A549,11525740,11683,6.7967214479999996,11.11681371,9.541951742,11.47832164,7.649,Synergy
RUXOLITINIB,MEGESTROL ACETATE,A549,25126798,11683,4.203308548,6.30521604,2.444763403,7.253945875,8.7445,Synergy
AXITINIB,PAZOPANIB HYDROCHLORIDE,A549,6450551,11525740,-0.56952804,4.200805953,-2.153787919,3.479810213,9.55825,Additive
CRIZOTINIB,PAZOPANIB HYDROCHLORIDE,A549,11626560,11525740,-4.5399895180000005,4.252132383,-10.98856749,2.904699102,11.81,Additive
AXITINIB,RUXOLITINIB,A549,6450551,25126798,-4.381390852,3.414935559,2.076890215,3.62808799,14.1515,Additive
CRIZOTINIB,RUXOLITINIB,A549,11626560,25126798,-1.121400977,2.538144167,-1.320452193,2.569087991,18.86525,Additive
PAZOPANIB HYDROCHLORIDE,RUXOLITINIB,A549,11525740,25126798,-0.259286762,4.480201275,-0.7685475509999999,3.2495879910000003,14.70775,Additive
